완독일,구분,도서제목,저자,출판사,링크
2026년 4월 24일,경제경영,경계 없음,이중학,클라우드나인,https://www.yes24.com/product/goods/183866733
2026년 4월 21일,경제경영,스케일링 피플,클레어 휴스 존슨,세종서적,https://www.yes24.com/product/goods/158757182
2026년 4월 8일,인문,명료함,탁민 오,탁희재,https://www.yes24.com/product/goods/169680977
2026년 4월 7일,인문,일하면서 바로 써먹는 아웃풋×성과 도감,가바사와 시온,현대지성,https://www.yes24.com/product/goods/176990785
2026년 4월 6일,경제경영,승자의 저주,"리처드 탈러, 알렉스 이마스",리더스북,https://www.yes24.com/product/goods/180386199
2026년 3월 30일,경제경영,인센티브 이코노미,유리 그니지,김영사,https://www.yes24.com/product/goods/133327244
2026년 3월 26일,인문,듀얼 브레인,이선 몰릭,상상스퀘어,https://www.yes24.com/product/goods/142876017
2026년 3월 23일,경제경영,넛지: 파이널 에디션,"리처드 탈러, 캐스 선스타인",리더스북,https://www.yes24.com/product/goods/110157236
2026년 3월 11일,경제경영,조직문화 트렌드 2026,"정진호, 기민경, 박지호, 박진호, 최준오",플랜비디자인,https://www.yes24.com/product/goods/167455622
2026년 3월 9일,경제경영,누구나 한 번은 리더가 된다,"최익성,  박성우",플랜비디자인,https://www.yes24.com/product/goods/128870351
2026년 3월 6일,문학,헤맨 만큼 내 땅이다,김상현,필름,https://www.yes24.com/product/goods/166919896
2026년 3월 5일,경제경영,댄 애리얼리 미스빌리프,댄 애리얼리,청림출판,https://www.yes24.com/product/goods/134904019
2026년 2월 23일,인문,에너지 버스,존 고든,쌤앤파커스,https://www.yes24.com/product/goods/82958749
2026년 2월 20일,문학,스토너,존 윌리엄스,알에이치코리아,https://www.yes24.com/product/goods/15718330
2026년 2월 9일,경제경영,타고난 리더는 아니지만,박정민,한티재,https://www.yes24.com/product/goods/167770287
2026년 2월 4일,인문,드디어 만나는 심리학 수업,폴 클라인먼,현대지성,https://www.yes24.com/product/goods/133810464
2026년 1월 28일,경제경영,일할 사람이 사라진다,이철희,위즈덤하우스,https://www.yes24.com/product/goods/126661860
2026년 1월 21일,경제경영,팀워크의 부활,패트릭 렌시오니,위즈덤하우스,https://www.yes24.com/product/goods/103930184
2026년 1월 16일,경제경영,인피니트 게임,사이먼 시넥,세계사,https://www.yes24.com/product/goods/110710700
2026년 1월 12일,인문,이토록 매혹적인 고전이라면,홍진호,21세기북스,https://www.yes24.com/product/goods/97405562
2026년 1월 7일,경제경영,면접관 마스터,"권혁근, 김경일, 김기호, 신길자",진성북스,https://www.yes24.com/product/goods/128253461
2026년 1월 1일,인문,대체되지 않는 사람,이준희,얼라이브북스,https://www.yes24.com/product/goods/146518146
2025년 12월 30일,경제경영,정서적 연봉,신재용,21세기북스,https://www.yes24.com/product/goods/158856646
2025년 12월 23일,경제경영,딜레마의 편지,이안,플랜비디자인,https://www.yes24.com/product/goods/108404121
2025년 12월 22일,인문,결국 문제를 뚫고 성장하는 사람,서현직,김영사,https://www.yes24.com/product/goods/145609480
2025년 12월 10일,경제경영,무인양품은 90%가 구조다 (리커버 에디션),마쓰이 타다미쓰,푸른숲,https://www.yes24.com/product/goods/125889095
2025년 12월 3일,사회과학,돈으로 살 수 없는 것들,마이클 샌델,와이즈베리,https://www.yes24.com/product/goods/6779868
2025년 11월 26일,경제경영,홀라크라시,브라이언 J. 로버트슨,흐름출판,https://www.yes24.com/product/goods/39455863
2025년 11월 18일,경제경영,불변의 법칙,모건 하우절,서삼독,https://www.yes24.com/product/goods/124999476
2025년 11월 17일,경제경영,미친 성장,김형진,푸른숲,https://www.yes24.com/product/goods/155064822
2025년 11월 6일,인문,시대예보: 경량문명의 탄생,송길영,교보문고,https://www.yes24.com/product/goods/152644797
2025년 10월 28일,경제경영,옥소 플레이북,유호현,이야기나무,https://www.yes24.com/product/goods/118429247
2025년 10월 21일,경제경영,회사는 어떻게 사람에게 집중하는가,오카다 코지,알에이치코리아,https://www.yes24.com/product/goods/147570584
2025년 10월 9일,경제경영,"더 시너지, 자기다움에서 우리다움으로",최지훈,파지트,https://www.yes24.com/product/goods/151986775
2025년 10월 9일,인문,여덟 단어,박웅현,인티앤,https://www.yes24.com/product/goods/119410542
2025년 10월 8일,경제경영,AI가 바꾸는 일터의 미래,김성준,포르체,https://www.yes24.com/product/goods/151679786
2025년 10월 1일,인문,완치 비만,조승우,사이몬북스,https://www.yes24.com/product/goods/125773000
2025년 9월 30일,인문,질문의 격,유선경,앤의서재,https://www.yes24.com/product/goods/146603660
2025년 9월 26일,인문,먼저 온 미래,장강명,동아시아,https://www.yes24.com/product/goods/148032297
2025년 9월 22일,경제경영,스타트업 플레이북,북저널리즘,스리체어스,https://www.yes24.com/product/goods/99310979
2025년 9월 21일,경제경영,이기적 직원들이 만드는 최고의 회사,유호현,스마트북스,https://www.yes24.com/product/goods/72309265
2025년 9월 19일,경제경영,팀 토폴로지,"매튜 스켈톤, 마누엘 페이스",에이콘출판사,https://www.yes24.com/product/goods/96362958
2025년 9월 18일,인문,첫 줄,권슬아,부크크,https://www.yes24.com/product/goods/154230714
2025년 9월 17일,경제경영,블랙 스완,나심 니콜라스 탈레브,동녘사이언스,https://www.yes24.com/product/goods/60531256
2025년 8월 27일,인문,나를 지키는 민법,장보은,생각의힘,https://www.yes24.com/product/goods/142851446
2025년 8월 22일,경제경영,다시 조직문화,"김범석, 김진호, 윤석원, 이승규, 최준용, 한진규",바라보다,https://www.yes24.com/product/goods/149614727
2025년 8월 19일,인문,린치핀,세스 고딘,필름,https://www.yes24.com/product/goods/136452934
2025년 8월 16일,인문,좋은 기분,박정수(녹싸),북스톤,https://www.yes24.com/product/goods/124157029
2025년 8월 11일,인문,우리는 어떻게 마음을 움직이는가,"크리스 보스, 탈 라즈",프롬북스,https://www.yes24.com/Product/Goods/120500033
2025년 8월 1일,인문,아주 보통의 행복,최인철,21세기북스,https://www.yes24.com/Product/Goods/102685185
2025년 7월 30일,경제경영,HOW TO 맥킨지 문제해결의 기술,오시마 사치요,경영아카이브,https://www.yes24.com/Product/Goods/101963294
2025년 7월 29일,경제경영,멀티플라이어,리즈 와이즈먼,한국경제신문사,https://www.yes24.com/Product/Goods/69250426
2025년 7월 16일,경제경영,인게이지먼트,권기범,플랜비디자인,https://www.yes24.com/Product/Goods/117183603
2025년 7월 10일,경제경영,실리콘밸리에선 어떻게 일하나요,크리스 채,더퀘스트,https://www.yes24.com/Product/Goods/113447921
2025년 7월 3일,인문,의도하지 않은 결과,클라이브 윌스,프롬북스,https://www.yes24.com/Product/Goods/97934295
2025년 6월 30일,인문,공감의 반경,장대익,바다출판사,https://www.yes24.com/product/goods/115002035
2025년 6월 25일,인문,자존가들,김지수,어떤책,https://www.yes24.com/product/goods/86139618
2025년 6월 18일,인문,자기 인생의 철학자들,김지수,어떤책,https://www.yes24.com/product/goods/67077939
2025년 6월 15일,인문,심리학 프리즘,"최인철, 폴 블룸, 최인수, 김민식, 마이클 S. 가자니가, 헤이즐 로즈 마커스",21세기북스,https://www.yes24.com/Product/Goods/67463447
2025년 6월 11일,경제경영,"비트코인, 초제국의 종말",알렉스 글래드스타인,거인의정원,https://www.yes24.com/product/goods/139893550
2025년 6월 2일,경제경영,넥스트 워커,이중학,클라우드나인,https://www.yes24.com/Product/Goods/146592408
2025년 5월 28일,경제경영,성공하는 인사 제도를 위한 짧은 대화,강홍민,플랜비디자인,https://www.yes24.com/product/goods/145755350
2025년 5월 26일,경제경영,그들은 어떻게 AI 트랜스포메이션에 성공했나,"김형택, 이승준",윌컴퍼니,https://www.yes24.com/product/goods/140281282
2025년 5월 15일,경제경영,좋은 리더를 넘어 위대한 리더로,"짐 콜린스, 빌 레지어",흐름출판,https://www.yes24.com/product/goods/132567247
2025년 4월 25일,경제경영,나쁜 보스는 되고 싶지 않지만 직원들이 잘했으면 좋겠어요,이기대,클라우드나인,https://www.yes24.com/product/goods/142226035
2025년 4월 15일,인문,나의 첫 커리어 브랜딩,"백종화, 강정욱",플랜비디자인,https://www.yes24.com/product/goods/123653286
2025년 4월 8일,경제경영,실리콘밸리 프로세스의 힘,신재은,더퀘스트,https://www.yes24.com/product/goods/142786994
2025년 4월 3일,인문,노력의 기쁨과 슬픔,올리비에 푸리올,다른,https://www.yes24.com/product/goods/101348371
2025년 3월 21일,인문,세계 철학 필독서 50,톰 버틀러 보던,센시오,https://www.yes24.com/product/goods/115467650
2025년 3월 7일,경제경영,평가보다 피드백,백종화,중앙북스,https://www.yes24.com/Product/Goods/126189775
2025년 2월 28일,인문,지혜의 심리학,김경일,진성북스,https://www.yes24.com/Product/Goods/122767613
2025년 2월 24일,인문,일터의 문장들,김지수,해냄,https://www.yes24.com/Product/Goods/103492835
2025년 2월 17일,경제경영,프로텍터십,이주호,세이코리아,https://www.yes24.com/Product/Goods/140918387
2025년 2월 10일,경제경영,유난한 도전,정경화,북스톤,https://www.yes24.com/Product/Goods/115007234
2025년 2월 3일,경제경영,"미래의 조직, 조직의 미래","박정우, 김명진, 진한규, 주세영, 김재원, 배노조",삼성글로벌리서치,https://www.yes24.com/Product/Goods/140187975
2025년 1월 21일,경제경영,채용 트렌드 2025,윤영돈,경향미디어,https://www.yes24.com/Product/Goods/135170792
2025년 1월 15일,인문,데일 카네기 인간관계론,데일 카네기,현대지성,https://www.yes24.com/Product/Goods/79297023
2025년 1월 7일,인문,군중심리,귀스타브 르 봉,현대지성,https://www.yes24.com/Product/Goods/104085885
2025년 1월 2일,인문,면접의 질문,김형석,노르웨이숲,https://www.yes24.com/Product/Goods/138929296
2024년 12월 29일,인문,데일 카네기 자기관리론,데일 카네기,현대지성,https://www.yes24.com/Product/Goods/96794060
2024년 12월 23일,인문,커넥팅,신수정,김영사,https://www.yes24.com/Product/Goods/124911453
2024년 12월 20일,인문,워킹 데드 해방일지,시몬 스톨조프,웅진지식하우스,https://www.yes24.com/Product/Goods/122545426
2024년 12월 16일,인문,취향은 어떻게 계급이 되는가,나영웅,지음미디어,https://www.yes24.com/Product/Goods/128928133
2024년 12월 11일,인문,시대예보 : 호명사회,송길영,교보문고,https://www.yes24.com/Product/Goods/133236068
2024년 12월 8일,인문,"내 일과 삶을 가꾸는 기술, 잡 크래프팅",임명기,김영사,https://www.yes24.com/Product/Goods/117829551
2024년 12월 1일,경제경영,조직의 재창조,프레데릭 라루,생각사랑,https://www.yes24.com/Product/Goods/32446427
2024년 11월 21일,문학,작별하지 않는다,한강,문학동네,https://www.yes24.com/Product/Goods/103495056
2024년 11월 14일,인문,일생에 한번은 헌법을 읽어라,이효원,현대지성,https://www.yes24.com/Product/Goods/129392574
2024년 11월 11일,인문,일터의 소로,"존 캐그, 조너선 반 벨",푸른숲,https://www.yes24.com/Product/Goods/132890901
2024년 11월 11일,경제경영,조직관리와 HR전략,정민홍,성신미디어,https://www.yes24.com/Product/Goods/109005798
2024년 11월 5일,경제경영,하이 아웃풋 매니지먼트,앤드루 S. 그로브,청림출판,https://www.yes24.com/Product/Goods/61333181
2024년 11월 5일,사회과학,번아웃 세대,곽연선,스리체어스,https://www.yes24.com/Product/Goods/116026178
2024년 11월 3일,인문,일생에 한번은 고수를 만나라,한근태,미래의창,https://www.yes24.com/Product/Goods/119287066
2024년 11월 1일,인문,누가 내 치즈를 옮겼을까? + 내 치즈는 어디에서 왔을까?,스펜서 존슨,진명출판사 + 인플루엔셜,https://www.yes24.com/Product/Goods/67350560
2024년 10월 31일,인문,도덕의 계보,프리드리히 니체,아카넷,https://www.yes24.com/Product/Goods/102488221
2024년 10월 30일,경제경영,스토리텔링 인사노무관리 HR편,김복수,중앙경제,https://www.yes24.com/Product/Goods/86566106
2024년 10월 27일,경제경영,컬처 레버리지,존 칠드러스,예미,https://www.yes24.com/Product/Goods/96352438
2024년 10월 22일,인문,프레임,최인철,21세기북스,https://www.yes24.com/Product/Goods/99640630
2024년 10월 19일,경제경영,나의 첫 경영어 수업,유정식,부키,https://www.yes24.com/Product/Goods/90864938
2024년 10월 16일,경제경영,대한민국 돈의 역사,홍춘옥,상상스퀘어,https://www.yes24.com/Product/Goods/121144774
2024년 10월 11일,인문,일의 99%는 피드백이다,"더글러스 스톤, 쉴라 힌",21세기북스,https://www.yes24.com/Product/Goods/102003851
2024년 10월 1일,경제경영,좋은 기업을 넘어 위대한 기업으로 (20주년 뉴에디션),짐 콜린스,김영사,https://www.yes24.com/Product/Goods/98813502
2024년 9월 27일,문학,이토록 평범한 미래,김연수,문학동네,https://www.yes24.com/Product/Goods/113737429
2024년 9월 26일,인문,인지편향사전,이남석,옥당,https://www.yes24.com/Product/Goods/104661446
2024년 9월 21일,경제경영,베터 댄 베스트,이중학,클라우드나인,https://www.yes24.com/Product/Goods/129374960
2024년 9월 19일,경제경영,언카피어블,짐 매켈비,리더스북,https://www.yes24.com/Product/Goods/94875170
2024년 9월 9일,인문,철학은 어떻게 삶의 무기가 되는가,야마구치 슈,다산초당,https://www.yes24.com/Product/Goods/68749139
2024년 9월 5일,인문,드라이브,다니엘 핑크,청림출판,https://www.yes24.com/Product/Goods/5819980
2024년 9월 2일,사회과학,능력주의,마이클 영,이매진,https://www.yes24.com/Product/Goods/89895602
2024년 8월 26일,경제경영,감으로만 일하던 김 팀장은 어떻게 데이터 좀 아는 팀장이 되었나,"황보현우, 김철수",한빛비즈,https://www.yes24.com/Product/Goods/102948122
2024년 8월 23일,인문,빠르게 실패하기,"존 크럼볼츠, 라이언 바비노",스노우폭스북스,https://www.yes24.com/Product/Goods/112343840
2024년 8월 21일,인문,철학하는 습관,남연주,위즈덤하우스,https://www.yes24.com/Product/Goods/119826583
2024년 8월 19일,사회과학,침팬지 폴리틱스,프란스 드 발,바다출판사,https://www.yes24.com/Product/Goods/59003542
2024년 8월 13일,사회과학,진짜 노동,데니스 뇌르마르크,자음과모음,https://www.yes24.com/Product/Goods/125973926
2024년 8월 8일,경제경영,새로운 시대 조직의 조건,"김미진, 조미나, 최철규",위즈덤하우스,https://www.yes24.com/Product/Goods/114870754
2024년 8월 7일,경제경영,임원 : 인사제도와 인사관리,정종태,한국인사관리협회,https://www.yes24.com/Product/Goods/118299766
2024년 8월 5일,경제경영,휴탈리티: 미래 인재의 조건,박정열,저녁달,https://www.yes24.com/Product/Goods/124026886
2024년 8월 2일,경제경영,수평 조직의 구조,김성남,스리체어스,https://www.yes24.com/Product/Goods/90227155
2024년 7월 26일,사회과학,숫자 사회,임의진,웨일북,https://www.yes24.com/Product/Goods/119651321
2024년 7월 23일,경제경영,인디펜던트 워커,"정혜윤, 무과수, 박지호, 김겨울, 차우진, 고지현, 박영훈, 박신후, 오성원",스리체어스,https://www.yes24.com/Product/Goods/97795059
2024년 7월 22일,경제경영,대이직 시대,원티드랩,스리체어스,https://www.yes24.com/Product/Goods/124808779
2024년 7월 21일,인문,제너레이션 : 세대란 무엇인가,진 트웬지,매일경제신문사,https://www.yes24.com/Product/Goods/124094293
2024년 7월 15일,경제경영,전략적 사고의 11가지 법칙,김성준,포르체,https://www.yes24.com/Product/Goods/126520670
2024년 7월 9일,인문,삶이 허기질 때 나는 교양을 읽는다,지식 브런치,서스테인,https://www.yes24.com/Product/Goods/110012431
2024년 7월 2일,경제경영,THICK data 씩 데이터,백영재,테라코타,https://www.yes24.com/Product/Goods/120253973
2024년 6월 29일,경제경영,ChatGPT x HR,"김기진, 조용민, 고동록, 박호진, 최요섭, 심영보, 박은혜, 정미령, 이수연, 이정택, 유병선, 조원규, 홍규원, 하기태, 박동국, 한권수",에릭스토리,https://www.yes24.com/Product/Goods/120501352
2024년 6월 27일,인문,만족한다는 착각,마틴 슈뢰더,한국경제신문사,https://www.yes24.com/Product/Goods/124060151
2024년 6월 25일,문학,참을 수 없는 존재의 가벼움 ,밀란 쿤데라,민음사,https://www.yes24.com/Product/Goods/61933303
2024년 6월 19일,경제경영,리더의 질문법,"에드거 샤인, 피터 샤인",심심,https://www.yes24.com/Product/Goods/107997384
2024년 6월 17일,인문,애플에서는 단순하게 일합니다,박지수,알에이치코리아,https://www.yes24.com/Product/Goods/126820403
2024년 6월 14일,경제경영,LEAN HR,이용훈,한빛미디어,https://www.yes24.com/Product/Goods/124910370
2024년 6월 9일,인문,하마터면 깨달을 뻔,크리스 나이바우어,정신세계사,https://www.yes24.com/Product/Goods/53563889
2024년 6월 4일,인문,실패는 나침반이다,한기용,이오스튜디오,https://www.yes24.com/Product/Goods/125116480
2024년 5월 31일,인문,일과 공간의 재창조,"제레미 마이어슨, 필립 로스",알에이치코리아,https://www.yes24.com/Product/Goods/123649483
2024년 5월 27일,경제경영,스타트업 HR 팀장들,"강정욱, 김민교, 윤명훈",원티드북스,https://www.yes24.com/Product/Goods/126338963
2024년 5월 22일,경제경영,요즘 팀장의 오답 노트,서현직,웅진지식하우스,https://www.yes24.com/Product/Goods/119773488
2024년 5월 20일,경제경영,철학을 잊은 리더에게,기시미 이치로,다산북스,https://www.yes24.com/Product/Goods/116585566
2024년 5월 20일,사회과학,경험은 어떻게 유전자에 새겨지는가,데이비드 무어,아몬드,https://www.yes24.com/Product/Goods/122320521
2024년 5월 13일,인문,프로페셔널 스튜던트,김용섭,퍼블리온,https://www.yes24.com/Product/Goods/97521289
2024년 5월 12일,경제경영,슈퍼사이트,데이비드 로즈,흐름출판,https://www.yes24.com/Product/Goods/121807826
2024년 5월 9일,경제경영,데이터와 사례로 보는 미래의 직장,이중학,클라우드나인,https://www.yes24.com/Product/Goods/117643953
2024년 5월 2일,인문,자유로부터의 도피,에리히 프롬,휴머니스트,https://www.yes24.com/Product/Goods/92129129
2024년 4월 17일,경제경영,직무의 종말,최준형,파지트,https://www.yes24.com/Product/Goods/125660292
2024년 4월 15일,경제경영,의미의 시대,세스 고딘,알에이치코리아,https://www.yes24.com/Product/Goods/123239443
2024년 4월 12일,경제경영,실리콘밸리의 HR 이야기,박영희,한국인사관리협회,https://www.yes24.com/Product/Goods/119977265
2024년 4월 10일,경제경영,리더라면 한번은 만나게 될 이슈들,예지은,삼성글로벌리서치,https://www.yes24.com/Product/Goods/116575386
2024년 4월 8일,경제경영,요즘 팀장은 이렇게 일합니다,백종화,중앙북스,https://www.yes24.com/Product/Goods/102419448
2024년 4월 1일,경제경영,The HR,변연배,클라우드나인,https://www.yes24.com/Product/Goods/118578944
2024년 3월 31일,문학,가여운 것들,앨러스데어 그레이,황금가지,https://www.yes24.com/Product/Goods/118597185
2024년 3월 26일,사회과학,절반 세대가 온다,한국일보 창간기획팀,현암사,https://www.yes24.com/Product/Goods/124094903
2024년 3월 25일,사회과학,인구 미래 공존,조영태,북스톤,https://www.yes24.com/Product/Goods/101893205
2024년 3월 19일,경제경영,"기업문화, 조직을 움직이는 미래 에너지",기업문화 cell,아템포,https://www.yes24.com/Product/Goods/119862181
2024년 3월 14일,경제경영,오늘부터 퍼실리테이터,"김재인, 박상신, 박주연, 우성희, 전현정, 한영숙, 허지은",플랜비디자인,https://www.yes24.com/Product/Goods/118710040
2024년 3월 12일,경제경영,더 퍼실리테이션,주현희,플랜비디자인,https://www.yes24.com/Product/Goods/94074326
2024년 3월 4일,경제경영,넥스트 밸류,"신한카드 빅데이터연구소, 신사임, 이다혜, 이윤진, 정유라, 구대로",김영사,https://www.yes24.com/Product/Goods/123899523
2024년 3월 2일,경제경영,"조직문화 재구성, 개인주의 공동체를 꿈꾸다",최지훈,플랜비디자인,https://www.yes24.com/Product/Goods/89643957
2024년 2월 28일,경제경영,성과를 내는 팀장의 완벽한 리더십,"유경철, 이인우",천그루숲,https://www.yes24.com/Product/Goods/115800369
2024년 2월 25일,인문,일하는 사람을 위한 MBTI,백종화,중앙북스,https://www.yes24.com/Product/Goods/116052421
2024년 2월 20일,경제경영,조직문화가 전략을 살린다,"안근용, 조원규, 한승진",플랜비디자인,https://www.yes24.com/Product/Goods/71985690
2024년 2월 18일,경제경영,네이키드 애자일,"장재웅, 상효이재",미래의창,https://www.yes24.com/Product/Goods/83544770
2024년 2월 17일,인문,행복의 기원,서은국,21세기북스,https://www.yes24.com/Product/Goods/102182557
2024년 2월 16일,인문,시대예보 : 핵개인의 시대,송길영,교보문고,https://www.yes24.com/Product/Goods/122457906
2024년 2월 13일,경제경영,The Goal 2,이재형,플랜비디자인,https://www.yes24.com/Product/Goods/124622543
2024년 2월 11일,경제경영,성과관리,류랑도,쌤앤파커스,https://www.yes24.com/Product/Goods/104207592
2024년 2월 8일,인문,바바라 민토 논리의 기술,바바라 민토,더난출판사,https://www.yes24.com/Product/Goods/77671422
2024년 2월 5일,경제경영,성과관리 운영사례,월간인사관리편집팀,한국인사관리협회,https://www.yes24.com/Product/Goods/103223432
2024년 2월 4일,문학,가녀장의 시대,이슬아,이야기장수,https://www.yes24.com/Product/Goods/114273352
2024년 1월 31일,경제경영,OKR 파워 실천편,"신주은, 홍효인",가인지캠퍼스,https://www.yes24.com/Product/Goods/123807409
2024년 1월 29일,사회과학,권력과 진보,"대런 아세모글로, 사이먼 존슨",생각의힘,https://www.yes24.com/Product/Goods/119809159
2024년 1월 27일,문학,나는 메트로폴리탄 미술관의 경비원입니다,패트릭 브링리,웅진지식하우스,https://www.yes24.com/Product/Goods/123675187
2024년 1월 23일,인문,정리하는 뇌,대니엘 J. 래비틴,와이즈베리,https://www.yes24.com/Product/Goods/18599174
2024년 1월 21일,인문,내향인 개인주의자 그리고 회사원,"조준호, 김경일",저녁달,https://www.yes24.com/Product/Goods/122880893
2024년 1월 17일,인문,상자 밖에 있는 사람,아빈저연구소,위즈덤하우스,https://www.yes24.com/Product/Goods/11520753
2024년 1월 14일,경제경영,턴어라운드,데이비드 마르케,세종서적,https://www.yes24.com/Product/Goods/90614302
2024년 1월 14일,인문,해적의 시대를 건너는 법,박웅현,인티N,https://www.yes24.com/Product/Goods/123294893
2024년 1월 9일,경제경영,새로운 HR을 꿈꾸는 인사담당자를 위한 실무 안내서,김재순,바른북스,https://www.yes24.com/Product/Goods/124019103
2024년 1월 8일,인문,당신의 인생이 왜 힘들지 않아야 한다고 생각하십니까,아르투어 쇼펜하우어,포레스트북스,https://www.yes24.com/Product/Goods/119562091
2024년 1월 7일,문학,맡겨진 소녀,클레어 키건,다산북스,https://www.yes24.com/Product/Goods/118569079
2024년 1월 3일,경제경영,온보딩,"김윤정, 김정현, 김화정, 박진일, 박찬규, 박한샘, 장정관, 전수정, 정우성, 조한겸, 지정훈",플랜비디자인,https://www.yes24.com/Product/Goods/123930779
2024년 1월 2일,경제경영,오늘부터 조직문화 담당자,이지안,플랜비디자인,https://www.yes24.com/Product/Goods/114942315
2023년 12월 31일,경제경영,팀장의 탄생,줄리 주오,더퀘스트,https://www.yes24.com/Product/Goods/92425227
2023년 12월 27일,인문,평범하게 비범한 철학 에세이,김필영,스마트북스,https://www.yes24.com/Product/Goods/119629184
2023년 12월 23일,인문,참 괜찮은 태도,박지현,메이븐,https://www.yes24.com/Product/Goods/112942777
2023년 12월 21일,경제경영,더 팀,아사노 고지,리더스북,https://www.yes24.com/Product/Goods/86543051
2023년 12월 20일,인문,미래의 나를 구하러 갑니다,변지영,더퀘스트,https://www.yes24.com/Product/Goods/121154759
2023년 12월 19일,인문,데일리 필로소피,"라이언 홀리데이, 스티븐 핸슬먼",다산초당,https://www.yes24.com/Product/Goods/105775371
2023년 12월 17일,사회과학,AI2041,"리카이푸, 천치우판",한빛비즈,https://www.yes24.com/Product/Goods/116860343
2023년 12월 15일,인문,로지컬 라이팅,데루야 하나코,비즈니스북스,https://www.yes24.com/Product/Goods/76899650
2023년 12월 13일,인문,로지컬 씽킹,"데루야 하나코, 오카다 게이코",비즈니스북스,https://www.yes24.com/Product/Goods/76899643
2023년 11월 29일,경제경영,아마존의 팀장 수업,김태강,더퀘스트,https://www.yes24.com/Product/Goods/102366162
2023년 11월 23일,경제경영,더 딜리트,"조영덕, 정성만, 박현석",플랜비디자인,https://www.yes24.com/Product/Goods/90237671
2023년 11월 21일,경제경영,더 체인지,허일무,플랜비디자인,https://www.yes24.com/Product/Goods/91582440
2023년 11월 17일,인문,창의성이 없는 게 아니라 꺼내지 못하는 것입니다,김경일,샘터,https://www.yes24.com/Product/Goods/85930293
2023년 11월 16일,사회과학,슬기로운 생활법률,박일환,EBS BOOKS,https://www.yes24.com/Product/Goods/102791236
2023년 11월 13일,문학,"그대들, 어떻게 살 것인가",요시노 겐자부로,양철북,https://www.yes24.com/Product/Goods/7264453
2023년 11월 11일,인문,기획의 정석,박신영,세종서적,https://www.yes24.com/Product/Goods/110241725
2023년 11월 9일,경제경영,인 앤 스테이,"이인규, 김용은, 최대영, 양진미",북스고,https://www.yes24.com/Product/Goods/119629057
2023년 11월 7일,문학,불타는 작품,윤고은,은행나무,https://www.yes24.com/Product/Goods/122689424
2023년 11월 5일,인문,더 좋은 삶을 위한 철학,마이클 슈어,김영사,https://www.yes24.com/Product/Goods/117585439
2023년 10월 31일,경제경영,모두의 팀장,"김문경, 김종원, 노유진, 서인수, 오준엽, 우시혁, 이재하, 이종찬, 이치영, 전수정, 정보미",파지트,https://www.yes24.com/Product/Goods/115254502
2023년 10월 25일,인문,김경일의 지혜로운 인간생활,김경일,저녁달,https://www.yes24.com/Product/Goods/108402259
2023년 10월 23일,경제경영,"빌 캠벨, 실리콘밸리의 위대한 코치","에릭 슈미트, 조너선 로젠버그, 앨런 이글",김영사,https://www.yes24.com/Product/Goods/91426844
2023년 10월 22일,사회과학,물고기는 존재하지 않는다,룰루 밀러,곰출판,https://www.yes24.com/Product/Goods/105526047
2023년 10월 20일,경제경영,이제부터 일하는 방식이 달라집니다,강승훈,위즈덤하우스,https://www.yes24.com/Product/Goods/90523232
2023년 10월 17일,인문,공감의 배신,폴 블룸,이은진,https://www.yes24.com/Product/Goods/78214582
2023년 10월 11일,인문,관용어의 세계,고이즈미 마키오,로그인,https://www.yes24.com/Product/Goods/119123329
2023년 10월 8일,경제경영,부의 추월차선,엠제이 드마코,토트출판사,https://www.yes24.com/Product/Goods/106369008
2023년 10월 4일,인문,메타인지 대화법,이윤지,넥서스BIZ,https://www.yes24.com/Product/Goods/110869174
2023년 10월 1일,사회과학,가짜 노동,"데니스 뇌르마르크, 아네르스 포그 옌센",자음과모음,https://www.yes24.com/Product/Goods/111368582
2023년 9월 26일,문학,쿼런틴,그렉 이건,허블,https://www.yes24.com/Product/Goods/116414065
2023년 9월 19일,경제경영,팀장은 처음이라,"남관희, 유수환",교보문고,https://www.yes24.com/Product/Goods/96652532
2023년 9월 18일,경제경영,직원경험,제이콥 모건,이담북스,https://www.yes24.com/Product/Goods/92323041
2023년 9월 16일,경제경영,인터넷과 이론서에 없는 인사(HR),rebound,부크크,https://www.yes24.com/Product/Goods/90391615
2023년 9월 15일,인문,타이탄의 도구들,팀 페리스,토네이도,https://www.yes24.com/Product/Goods/37533966
2023년 9월 11일,사회과학,대한민국에서 가장 쉽게 쓴 민법책,오수현,시원북스,https://www.yes24.com/Product/Goods/120236298
2023년 8월 29일,인문,뇌는 달리고 싶다,안데르스 한센,반니,https://www.yes24.com/Product/Goods/84500259
2023년 8월 23일,경제경영,리더를 위한 멘탈 수업,"윤대현, 장은지",인플루엔셜,https://www.yes24.com/Product/Goods/104408758
2023년 8월 18일,컴퓨터,그림으로 이해하는 네트워크 구조와 기술,나카오 신지,길벗,https://www.yes24.com/Product/Goods/120241473
2023년 8월 15일,문학,H마트에서 울다,미셸 자우너,문학동네,https://www.yes24.com/Product/Goods/107653917
2023년 8월 11일,컴퓨터,그림으로 이해하는 네트워크 용어,기타미 류지,길벗,https://www.yes24.com/Product/Goods/109021732
2023년 8월 8일,경제경영,우리는 기업문화를 만들어 가는 중입니다,기고만장 필진,바라보다,https://www.yes24.com/Product/Goods/120495186
2023년 8월 6일,경제경영,다정한 조직이 살아남는다,엘라 F. 워싱턴,갈매나무,https://www.yes24.com/Product/Goods/119152328
2023년 8월 4일,인문,일의 철학,"빌 버넷, 데이브 에번스",이미숙,https://www.yes24.com/Product/Goods/103323219
2023년 8월 1일,사회과학,공자가 죽어야 나라가 산다,김경일,바다출판사,https://www.yes24.com/Product/Goods/118997015
2023년 7월 27일,경제경영,오피스 체인지 4.0,김한,라온북,https://www.yes24.com/Product/Goods/118919697
2023년 7월 25일,경제경영,일을 리디자인하라,린다 그랜튼,클,https://www.yes24.com/Product/Goods/117203781
2023년 7월 21일,인문,당신은 다른 사람의 성공에 기여한 적 있는가?,이소영,퍼블리온,https://www.yes24.com/Product/Goods/98832816
2023년 7월 18일,사회과학,이토록 뜻밖의 뇌과학,리사 펠드먼 배럿,더퀘스트,https://www.yes24.com/Product/Goods/102831219
2023년 7월 17일,문학,최선을 다하면 죽는다,"황선우, 김혼비",문학동네,https://www.yes24.com/Product/Goods/119311211
2023년 7월 15일,문학,희랍어 시간,한강,문학동네,https://www.yes24.com/Product/Goods/5926713
2023년 7월 13일,인문,결정적 순간의 대화,"케리 패터슨, 조셉 그레니, 론 맥밀런, 알 스위즐러",김영사,https://www.yes24.com/Product/Goods/9224332
2023년 7월 10일,인문,빅터 프랭클의 죽음의 수용소에서,빅터 프랭클,청아출판사,https://www.yes24.com/Product/Goods/90384709
2023년 7월 9일,경제경영,언러닝,배리 오라일리,위즈덤하우스,https://www.yes24.com/Product/Goods/117184225
2023년 7월 6일,경제경영,최고의 조직,김성준,포르체,https://www.yes24.com/Product/Goods/110834611
2023년 7월 4일,인문,컨티뉴어스,윤소정,다산북스,https://www.yes24.com/Product/Goods/118828090
2023년 7월 3일,경제경영,채용 트렌드 2023,윤영돈,비전코리아,https://www.yes24.com/Product/Goods/115284392
2023년 6월 29일,인문,내가 가진 것을 세상이 원하게 하라,최인아,해냄,https://www.yes24.com/Product/Goods/118429999
2023년 6월 27일,경제경영,순서 파괴,"콜린 브라이어, 빌 카",다산북스,https://www.yes24.com/Product/Goods/97676776
2023년 6월 22일,경제경영,굿 피드백,"김미애, 김선영, 김의철, 박민희, 박세희, 방성환, 안상희, 이경훈, 주민관, 최원설",플랜비디자인,https://www.yes24.com/Product/Goods/107525281
2023년 6월 21일,인문,운의 심리학,유민지,쌤앤파커스,https://www.yes24.com/Product/Goods/116417422
2023년 6월 20일,경제경영,일터의 설계자들,나하나,웨일북,https://www.yes24.com/Product/Goods/116997993
2023년 6월 19일,인문,이어령의 마지막 수업,"김지수, 이어령",열림원,https://www.yes24.com/Product/Goods/104692009
2023년 6월 15일,경제경영,최고의 팀은 무엇이 다른가,대니얼 코일,웅진지식하우스,https://www.yes24.com/Product/Goods/115534893
2023년 6월 12일,경제경영,리크루터의 채용 실무 가이드,"박하늘, 전민아",루비페이퍼,https://www.yes24.com/Product/Goods/119124619
2023년 6월 8일,경제경영,성취예측모형,최동석,클라우드나인,https://www.yes24.com/Product/Goods/105747247
2023년 6월 5일,경제경영,그 회사는 직원을 설레게 한다,대이널 케이블,갈매나무,https://www.yes24.com/Product/Goods/86552437
2023년 6월 2일,인문,반항의 기술,러비 아자이 존스,온워드,https://www.yes24.com/Product/Goods/115587922
2023년 5월 31일,경제경영,실리콘밸리의 팀장들,킴 스콧,청림출판,https://www.yes24.com/Product/Goods/74259979
2023년 5월 26일,인문,상사 때문에 퇴사하고 싶은 너에게,메리 아바제이,위즈덤하우스,https://www.yes24.com/Product/Goods/118164543
2023년 5월 25일,경제경영,컬처덱,박창선,에이엠,https://www.yes24.com/Product/Goods/116413469
2023년 5월 24일,인문,인지심리학은 처음이지?,"김경일, 이윤형, 김태훈",북멘토,https://www.yes24.com/Product/Goods/107091029
2023년 5월 22일,경제경영,규칙 없음,"리드 헤이스팅스, 에린 마이어",알에이치코리아,https://www.yes24.com/Product/Goods/92275597
2023년 5월 17일,인문,게으른 완벽주의자를 위한 심리학,헤이든 핀치,시크릿하우스,https://www.yes24.com/Product/Goods/111683237
2023년 5월 16일,인문,하버드 인생학 특강,"클레이튼 크리스텐슨, 제임스 올워스, 캐런 딜론",알에이치코리아,https://www.yes24.com/Product/Goods/89240108
2023년 5월 15일,경제경영,구글의 아침은 자유가 시작된다,라즐로 복,알에이치코리아,https://www.yes24.com/Product/Goods/103167534
2023년 5월 13일,인문,내가 틀릴 수도 있습니다,비욘 나티코 린데블라드,다산초당,https://www.yes24.com/Product/Goods/108850617
2023년 5월 12일,인문,콰이어트,수전 케인,알에이치코리아,https://www.yes24.com/Product/Goods/99122827
2023년 5월 11일,인문,나만을 위한 레이 달리오의 원칙,레이 달리오,한빛비즈,https://www.yes24.com/Product/Goods/115381618
2023년 5월 10일,경제경영,두려움 없는 조직,에이미 에드먼드슨,다산북스,https://www.yes24.com/Product/Goods/79633189
2023년 5월 9일,인문,아웃퍼포머,모튼 한센,김영사,https://www.yes24.com/Product/Goods/84256747
2023년 5월 3일,인문,원씽,"게리 켈러, 제이 파파산",비즈니스북스,https://www.yes24.com/Product/Goods/9349031
2023년 5월 2일,인문,그릿,앤절라 더크워스,비즈니스북스,https://www.yes24.com/Product/Goods/69622442
2023년 5월 1일,사회과학,공정하다는 착각,마이클 샌델,와이즈베리,https://www.yes24.com/Product/Goods/94489333
2023년 4월 28일,경제경영,무엇이 최고의 조직을 만드는가,한근태,미래의창,https://www.yes24.com/Product/Goods/110650072
2023년 4월 27일,인문,아주 세속적인 지혜,발타자르 그라시안,페이지2,https://www.yes24.com/Product/Goods/117933045
2023년 4월 26일,경제경영,모두가 플레이어,"정보미, 전수정, 이치영, 이종찬, 이재하, 우시혁, 오준엽, 서인수, 노유진, 김종원, 김문경",플랜비디자인,https://www.yes24.com/Product/Goods/117604335
2023년 4월 24일,경제경영,팀장의 끗,"고태현, 김은주, 안나은, 이상현, 이정희, 한길화, 한숙기",파티즈,https://www.yes24.com/Product/Goods/117520692
2023년 4월 22일,경제경영,알고 있다는 착각,질리언 테트,어크로스,https://www.yes24.com/Product/Goods/111377677
2023년 4월 20일,인문,마지막 몰입,짐 퀵,비즈니스북스,https://www.yes24.com/Product/Goods/97522081
2023년 4월 18일,경제경영,공정한 보상,신재용,홍문사,https://www.yes24.com/Product/Goods/105385421
2023년 4월 17일,경제경영,인사이드 아웃,강성춘,21세기북스,https://www.yes24.com/Product/Goods/88921903
2023년 4월 15일,경제경영,"그래서, 인터널브랜딩",최지훈,플랜비디자인,https://www.yes24.com/Product/Goods/76605064
2023년 4월 14일,인문,회복탄력성,김주환,위즈덤하우스,https://www.yes24.com/Product/Goods/71743513
2023년 4월 12일,경제경영,레버리지,롭 무어,다산북스,https://www.yes24.com/Product/Goods/117389523
2023년 4월 11일,인문,도파민네이션,애나 렘키,흐름출판,https://www.yes24.com/Product/Goods/108389546
2023년 4월 10일,인문,"일하기 전, 일하는 중, 일하고 난 후",류랑도,쌤앤파커스,https://www.yes24.com/Product/Goods/117591464
2023년 4월 9일,경제경영,피플 애널리틱스,"조나단 페라, 데이비드 그린",플랜비디자인,https://www.yes24.com/Product/Goods/112631699
2023년 4월 7일,경제경영,적소적재,"유규창, 이혜정",플랜비디자인,https://www.yes24.com/Product/Goods/105644494
2023년 4월 5일,경제경영,인재집착경영,한준기,쏭북스,https://www.yes24.com/Product/Goods/112603760
2023년 4월 4일,경제경영,면접관을 위한 면접의 기술,"한근태, 백진기, 유재경, 조지영",미래의창,https://www.yes24.com/Product/Goods/102226753
2023년 3월 31일,경제경영,데이터로 보는 인사 이야기,"이중학, 스티븐 킴",플랜비디자인,https://www.yes24.com/Product/Goods/103170198
2023년 3월 29일,컴퓨터,IT 5분 잡학사전,"니꼴라스, 배지현",이지스퍼블리싱,https://www.yes24.com/Product/Goods/113463430
2023년 3월 27일,경제경영,최강의 조직,벤 호로위츠,한국경제신문사,https://www.yes24.com/Product/Goods/99401064
2023년 3월 21일,경제경영,채용 All in One,이호석,중앙경제사,https://www.yes24.com/Product/Goods/102187704
2023년 3월 20일,경제경영,조직문화 통찰,김성준,클라우드나인,https://www.yes24.com/Product/Goods/78590902
2023년 3월 16일,경제경영,무엇이 성과를 이끄는가,"닐 도쉬, 린지 맥그리거",생각지도,https://www.yes24.com/Product/Goods/104069887
2023년 3월 9일,경제경영,OKR,존 도어,세종서적,https://www.yes24.com/Product/Goods/70981291
2023년 3월 3일,경제경영,원온원,백종화,플랜비디자인,https://www.yes24.com/Product/Goods/107905667
2023년 2월 22일,경제경영,조직을 민첩하고 유연하게 바꾸는 애자일 전략,"대럴 릭비, 사라 엘크, 스티브 베레즈",알에이치코리아,https://www.yes24.com/Product/Goods/101986198
2023년 2월 21일,경제경영,일의 격,신수정,턴어라운드,https://www.yes24.com/Product/Goods/102485494
2023년 2월 6일,인문,당신의 뇌는 최적화를 원한다,가바사와 시온,쌤앤파커스,https://www.yes24.com/Product/Goods/61155999
2023년 1월 27일,인문,역행자,자청,웅진지식하우스,https://www.yes24.com/Product/Goods/109705390